INSERT INTO Users (login, user_name, password)
VALUES ('user1', 'User One', 'password1'),
       ('user2', 'User Two', 'password2'),
       ('user3', 'User Three', 'password3'),
       ('user4', 'User Four', 'password4'),
       ('user5', 'User Five', 'password5'),
       ('user6', 'User Six', 'password6'),
       ('user7', 'User Seven', 'password7');

INSERT INTO GameRoom (room_name, is_public, password, max_players, owner)
VALUES ('Room One', TRUE, NULL, 3, 'user1'),
       ('Room Two', FALSE, 'room2password', 4, 'user4');

INSERT INTO Player (user_id, current_room_id, in_game_name)
VALUES ('user1', 1, 'Player One'),
       ('user2', 1, 'Player Two'),
       ('user3', 1, 'Player Three'),
       ('user4', 2, 'Player Four'),
       ('user5', 2, 'Player Five'),
       ('user6', 2, 'Player Six'),
       ('user7', 2, 'Player Seven');

INSERT INTO Game (max_score, start_time, end_time, winner_id, room_id)
VALUES (100, now(), NULL, NULL, 1),
       (200, '2023-10-01 10:00:00', '2023-10-01 10:30:00', 5, 2);

INSERT INTO GameScore (player_id, game_id, score)
VALUES (1, 1, 50),
       (2, 1, 75),
       (3, 1, 80),
       (4, 2, 195),
       (5, 2, 45),
       (6, 2, 100),
       (7, 2, 120);

INSERT INTO Card (type_of_card, color_of_card, value)
VALUES ('number', 'red', 0),
       ('number', 'red', 1),
       ('number', 'red', 2),
       ('number', 'red', 3),
       ('number', 'red', 4),
       ('number', 'red', 5),
       ('number', 'red', 6),
       ('number', 'red', 7),
       ('number', 'red', 8),
       ('number', 'red', 9),
       ('number', 'blue', 0),
       ('number', 'blue', 1),
       ('number', 'blue', 2),
       ('number', 'blue', 3),
       ('number', 'blue', 4),
       ('number', 'blue', 5),
       ('number', 'blue', 6),
       ('number', 'blue', 7),
       ('number', 'blue', 8),
       ('number', 'blue', 9),
       ('number', 'green', 0),
       ('number', 'green', 1),
       ('number', 'green', 2),
       ('number', 'green', 3),
       ('number', 'green', 4),
       ('number', 'green', 5),
       ('number', 'green', 6),
       ('number', 'green', 7),
       ('number', 'green', 8),
       ('number', 'green', 9),
       ('number', 'yellow', 0),
       ('number', 'yellow', 1),
       ('number', 'yellow', 2),
       ('number', 'yellow', 3),
       ('number', 'yellow', 4),
       ('number', 'yellow', 5),
       ('number', 'yellow', 6),
       ('number', 'yellow', 7),
       ('number', 'yellow', 8),
       ('number', 'yellow', 9),
       ('plus_two', 'red', NULL),
       ('plus_two', 'blue', NULL),
       ('plus_two', 'green', NULL),
       ('plus_two', 'yellow', NULL),
       ('change_direction', 'red', NULL),
       ('change_direction', 'blue', NULL),
       ('change_direction', 'green', NULL),
       ('change_direction', 'yellow', NULL),
       ('skip', 'red', NULL),
       ('skip', 'blue', NULL),
       ('skip', 'green', NULL),
       ('skip', 'yellow', NULL),
       ('choose_color', 'black', NULL),
       ('plus_four', 'black', NULL);

INSERT INTO Deck (card_id, weight)
VALUES (1, 1.0),
       (2, 2.0),
       (3, 2.0),
       (4, 2.0),
       (5, 2.0),
       (6, 2.0),
       (7, 2.0),
       (8, 2.0),
       (9, 2.0),
       (10, 2.0),
       (11, 1.0),
       (12, 2.0),
       (13, 2.0),
       (14, 2.0),
       (15, 2.0),
       (16, 2.0),
       (17, 2.0),
       (18, 2.0),
       (19, 2.0),
       (20, 2.0),
       (21, 1.0),
       (22, 2.0),
       (23, 2.0),
       (24, 2.0),
       (25, 2.0),
       (26, 2.0),
       (27, 2.0),
       (28, 2.0),
       (29, 2.0),
       (30, 2.0),
       (31, 1.0),
       (32, 2.0),
       (33, 2.0),
       (34, 2.0),
       (35, 2.0),
       (36, 2.0),
       (37, 2.0),
       (38, 2.0),
       (39, 2.0),
       (40, 2.0),
       (41, 2.0),
       (42, 2.0),
       (43, 2.0),
       (44, 2.0),
       (45, 2.0),
       (46, 2.0),
       (47, 2.0),
       (48, 2.0),
       (49, 2.0),
       (50, 2.0),
       (51, 2.0),
       (52, 2.0),
       (53, 4.0),
       (54, 4.0);

INSERT INTO Statistics (user_id, rating, play_count, win_count, time_played)
VALUES ('user1', 1500, 10, 5, '05:00:00'),
       ('user2', 1200, 8, 3, '04:00:00'),
       ('user3', 1800, 12, 7, '06:00:00'),
       ('user4', 1400, 9, 4, '04:30:00'),
       ('user5', 1600, 11, 6, '05:30:00'),
       ('user6', 1300, 7, 2, '03:30:00'),
       ('user7', 1700, 13, 8, '07:00:00');

INSERT INTO Achievement (name, description)
VALUES ('First Win', 'Выиграйте свою первую игру.'),
       ('10 Games Played', 'Сыграйте 10 игр.'),
       ('5 Wins', 'Выиграйте 5 игр.'),
       ('Skip Master', 'Используйте карту "Skip" 10 раз.'),
       ('Reverse Champion', 'Используйте карту "Change Direction" 10 раз.'),
       ('Draw Two Pro', 'Используйте карту "Plus Two" 10 раз.'),
       ('Wild Card Expert', 'Используйте карту "Wild" 5 раз.'),
       ('Wild Draw Four Ace', 'Используйте карту "Wild Draw Four" 5 раз.'),
       ('Zero Hero', 'Закончите игру с картой "0".'),
       ('Perfect Game', 'Выиграйте игру, не используя ни одной специальной карты.'),
       ('Marathon Player', 'Сыграйте 50 игр.'),
       ('Uno Champion', 'Выиграйте 20 игр.');

INSERT INTO UserAchievement (user_id, achievement_id, time)
VALUES ('user1', 1, now()),
       ('user2', 2, now()),
       ('user3', 3, now()),
       ('user4', 4, now()),
       ('user5', 5, now()),
       ('user6', 6, now()),
       ('user7', 7, now());

INSERT INTO Message (text, time, room_id, sender_id)
VALUES ('Hello everyone!', now(), 1, 1),
       ('Good game!', now(), 1, 2),
       ('Nice move!', now(), 1, 3),
       ('Well played!', now(), 2, 4),
       ('Great strategy!', now(), 2, 5),
       ('Keep it up!', now(), 2, 6),
       ('Excellent!', now(), 2, 7);
