INSERT INTO uno_user (login, user_name, password)
VALUES ('user1', 'User One', 'password1'),
       ('user2', 'User Two', 'password2'),
       ('user3', 'User Three', 'password3'),
       ('user4', 'User Four', 'password4'),
       ('user5', 'User Five', 'password5'),
       ('user6', 'User Six', 'password6'),
       ('user7', 'User Seven', 'password7');

INSERT INTO uno_game_room (room_name, is_public, password, max_players, owner)
VALUES ('Room One', TRUE, NULL, 3, 'user1'),
       ('Room Two', FALSE, 'room2password', 4, 'user4');

INSERT INTO uno_player (user_id, current_room_id, in_game_name)
VALUES ('user1', 1, 'Player One'),
       ('user2', 1, 'Player Two'),
       ('user3', 1, 'Player Three'),
       ('user4', 2, 'Player Four'),
       ('user5', 2, 'Player Five'),
       ('user6', 2, 'Player Six'),
       ('user7', 2, 'Player Seven');

INSERT INTO uno_game (max_score, start_time, end_time, winner_id, room_id)
VALUES (100, now(), NULL, NULL, 1),
       (200, '2023-10-01 10:00:00', '2023-10-01 10:30:00', 5, 2);

INSERT INTO uno_game_score (player_id, game_id, score)
VALUES (1, 1, 50),
       (2, 1, 75),
       (3, 1, 80),
       (4, 2, 195),
       (5, 2, 45),
       (6, 2, 100),
       (7, 2, 120);

INSERT INTO uno_card (type_of_card, color_of_card, value)
VALUES ('NUMBER', 'RED', 0),
       ('NUMBER', 'RED', 1),
       ('NUMBER', 'RED', 2),
       ('NUMBER', 'RED', 3),
       ('NUMBER', 'RED', 4),
       ('NUMBER', 'RED', 5),
       ('NUMBER', 'RED', 6),
       ('NUMBER', 'RED', 7),
       ('NUMBER', 'RED', 8),
       ('NUMBER', 'RED', 9),
       ('NUMBER', 'BLUE', 0),
       ('NUMBER', 'BLUE', 1),
       ('NUMBER', 'BLUE', 2),
       ('NUMBER', 'BLUE', 3),
       ('NUMBER', 'BLUE', 4),
       ('NUMBER', 'BLUE', 5),
       ('NUMBER', 'BLUE', 6),
       ('NUMBER', 'BLUE', 7),
       ('NUMBER', 'BLUE', 8),
       ('NUMBER', 'BLUE', 9),
       ('NUMBER', 'GREEN', 0),
       ('NUMBER', 'GREEN', 1),
       ('NUMBER', 'GREEN', 2),
       ('NUMBER', 'GREEN', 3),
       ('NUMBER', 'GREEN', 4),
       ('NUMBER', 'GREEN', 5),
       ('NUMBER', 'GREEN', 6),
       ('NUMBER', 'GREEN', 7),
       ('NUMBER', 'GREEN', 8),
       ('NUMBER', 'GREEN', 9),
       ('NUMBER', 'YELLOW', 0),
       ('NUMBER', 'YELLOW', 1),
       ('NUMBER', 'YELLOW', 2),
       ('NUMBER', 'YELLOW', 3),
       ('NUMBER', 'YELLOW', 4),
       ('NUMBER', 'YELLOW', 5),
       ('NUMBER', 'YELLOW', 6),
       ('NUMBER', 'YELLOW', 7),
       ('NUMBER', 'YELLOW', 8),
       ('NUMBER', 'YELLOW', 9),
       ('PLUS_TWO', 'RED', 20),
       ('PLUS_TWO', 'BLUE', 20),
       ('PLUS_TWO', 'GREEN', 20),
       ('PLUS_TWO', 'YELLOW', 20),
       ('CHANGE_DIRECTION', 'RED', 20),
       ('CHANGE_DIRECTION', 'BLUE', 20),
       ('CHANGE_DIRECTION', 'GREEN', 20),
       ('CHANGE_DIRECTION', 'YELLOW', 20),
       ('SKIP', 'RED', 20),
       ('SKIP', 'BLUE', 20),
       ('SKIP', 'GREEN', 20),
       ('SKIP', 'YELLOW', 20),
       ('CHOOSE_COLOR', 'BLACK', 50),
       ('PLUS_FOUR', 'BLACK', 50);

alter sequence uno_card_id_seq start with 1;
delete from uno_card;

INSERT INTO uno_deck (card_id, weight)
VALUES (1, 1.0),
       (2, 2.0),
       (3, 2.0),
       (4, 2.0),
       (5, 2.0),
       (6, 2.0),
       (7, 2.0),
       (8, 2.0),
       (9, 2.0),
       (10, 2.0),
       (11, 1.0),
       (12, 2.0),
       (13, 2.0),
       (14, 2.0),
       (15, 2.0),
       (16, 2.0),
       (17, 2.0),
       (18, 2.0),
       (19, 2.0),
       (20, 2.0),
       (21, 1.0),
       (22, 2.0),
       (23, 2.0),
       (24, 2.0),
       (25, 2.0),
       (26, 2.0),
       (27, 2.0),
       (28, 2.0),
       (29, 2.0),
       (30, 2.0),
       (31, 1.0),
       (32, 2.0),
       (33, 2.0),
       (34, 2.0),
       (35, 2.0),
       (36, 2.0),
       (37, 2.0),
       (38, 2.0),
       (39, 2.0),
       (40, 2.0),
       (41, 2.0),
       (42, 2.0),
       (43, 2.0),
       (44, 2.0),
       (45, 2.0),
       (46, 2.0),
       (47, 2.0),
       (48, 2.0),
       (49, 2.0),
       (50, 2.0),
       (51, 2.0),
       (52, 2.0),
       (53, 4.0),
       (54, 4.0);

INSERT INTO uno_statistics (user_id, rating, play_count, win_count, time_played)
VALUES ('user1', 1500, 10, 5, '05:00:00'),
       ('user2', 1200, 8, 3, '04:00:00'),
       ('user3', 1800, 12, 7, '06:00:00'),
       ('user4', 1400, 9, 4, '04:30:00'),
       ('user5', 1600, 11, 6, '05:30:00'),
       ('user6', 1300, 7, 2, '03:30:00'),
       ('user7', 1700, 13, 8, '07:00:00');

INSERT INTO uno_achievement (name, description)
VALUES ('First Win', 'Выиграйте свою первую игру.'),
       ('10 Games Played', 'Сыграйте 10 игр.'),
       ('5 Wins', 'Выиграйте 5 игр.'),
       ('SKIP Master', 'Используйте карту "SKIP" 10 раз.'),
       ('Reverse Champion', 'Используйте карту "Change Direction" 10 раз.'),
       ('Draw Two Pro', 'Используйте карту "Plus Two" 10 раз.'),
       ('Wild Card Expert', 'Используйте карту "Wild" 5 раз.'),
       ('Wild Draw Four Ace', 'Используйте карту "Wild Draw Four" 5 раз.'),
       ('Zero Hero', 'Закончите игру с картой "0".'),
       ('Perfect Game', 'Выиграйте игру, не используя ни одной специальной карты.'),
       ('Marathon Player', 'Сыграйте 50 игр.'),
       ('Uno Champion', 'Выиграйте 20 игр.');

INSERT INTO user_achievements (user_id, achievement_id, time)
VALUES ('user1', 1, now()),
       ('user2', 2, now()),
       ('user3', 3, now()),
       ('user4', 4, now()),
       ('user5', 5, now()),
       ('user6', 6, now()),
       ('user7', 7, now());

INSERT INTO uno_message (text, time, room_id, sender_id)
VALUES ('Hello everyone!', now(), 1, 1),
       ('Good game!', now(), 1, 2),
       ('Nice move!', now(), 1, 3),
       ('Well played!', now(), 2, 4),
       ('Great strategy!', now(), 2, 5),
       ('Keep it up!', now(), 2, 6),
       ('Excellent!', now(), 2, 7);
